Symbol;Company Name;sector;ISIN;ICB_SectorL4;ICB5_SectorL4
ALB;Albemarle Corp;XLB;US0126531013;1357;55201000
AMCR;Amcor plc;XLB;JE00BJ1F3079;2723;50203030
APD;Air Products & Chemicals Inc;XLB;US0091581068;1353;55201020
AVY;Avery Dennison Corp;XLB;US0536111091;2727;55101000
BALL;Ball Corp;XLB;#N/D;3573;#N/D
CE;Celanese Corp A;XLB;US1508701034;1353;55201000
CF;CF Industries Holdings;XLB;US1252691001;1357;55201015
CTVA;Corteva Inc.;XLB;US22052L1044;3573;45102010
DD;DuPont de Nemours Inc.;XLB;US26614N1028;2727;50203000
DOW;Dow Inc;XLB;US2605571031;1353;55201000
ECL;Ecolab Inc;XLB;US2788651006;1357;55201000
EMN;Eastman Chemical Co;XLB;US2774321002;1353;55201000
FCX;Freeport-McMoRan Inc;XLB;US35671D8570;1755;55102040
FMC;FMC Corp;XLB;US3024913036;1357;55201015
IFF;Intl Flavors & Fragrances;XLB;US4595061015;1357;55201020
IP;Intl Paper Co;XLB;US4601461035;1737;55101015
LIN;Linde plc;XLB;#N/D;3573;#N/D
LYB;LyondellBasell Industries N.V.;XLB;NL0009434992;1353;55201020
MLM;Martin Marietta Materials;XLB;US5732841060;2353;50101035
MOS;Mosaic Co;XLB;US61945C1036;1357;55201015
NEM;Newmont Corp;XLB;US6516391066;1777;55103025
NUE;Nucor Corp;XLB;US6703461052;1757;55102010
PKG;Packaging Corp of America;XLB;US6951561090;2723;50203030
PPG;PPG Industries Inc;XLB;US6935061076;1357;50203010
SHW;Sherwin-Williams Co;XLB;US8243481061;2353;50203010
STLD;Steel Dynamics Inc;XLB;US8581191009;1757;55102010
SW;Smurfit WestRock plc;XLB;#N/D;3573;#N/D
VMC;Vulcan Materials Co;XLB;US9291601097;2353;50101035
CHTR;Charter Communications Inc A;XLC;US16119P1084;5553;15102010
CMCSA;Comcast Corp A;XLC;US20030N1019;5553;15102010
DIS;Walt Disney Co;XLC;US2546871060;5553;40301010
EA;Electronic Arts;XLC;US2855121099;3747;40203040
FOX;Fox Corp B;XLC;US35137L2043;5553;40301010
FOXA;Fox Corp A;XLC;US35137L1052;5553;40301010
GOOG;Alphabet Inc C;XLC;US02079K1079;9535;10101020
GOOGL;Alphabet Inc A;XLC;US02079K3059;9535;10101020
IPG;Interpublic Group Cos;XLC;US4606901001;5555;40301020
LYV;Live Nation Entertainment Inc.;XLC;US5380341090;5755;40301010
META;Meta Platforms, Inc. Class A;XLC;#N/D;9535;#N/D
MTCH;Match Group, Inc.;XLC;US57667L1070;9535;10101020
NFLX;NetFlix Inc;XLC;US64110L1061;5553;40301010
NWS;News Corp B;XLC;US65249B2088;5557;40301030
NWSA;News Corp A;XLC;US65249B1098;5557;40301030
OMC;Omnicom Group;XLC;US6819191064;5555;40301020
PARA;Paramount Global Class B;XLC;#N/D;9535;#N/D
T;AT&T Inc;XLC;US00206R1023;6535;15102015
TMUS;T-Mobile US Inc;XLC;US8725901040;6575;15102015
TTWO;Take-Two Interactive Software;XLC;US8740541094;3747;40203040
VZ;Verizon Communications Inc;XLC;US92343V1044;6535;15102015
WBD;Warner Bros Discovery Inc.;XLC;#N/D;9535;#N/D
APA;APA Corporation;XLE;US0374111054;0533;60101010
BKR;Baker Hughes Company;XLE;US05722G1004;0573;60101030
COP;ConocoPhillips;XLE;US20825C1045;0533;60101010
CTRA;Coterra Energy Inc;XLE;#N/D;0577;#N/D
CVX;Chevron Corp;XLE;US1667641005;0537;60101000
DVN;Devon Energy Corp;XLE;US25179M1036;0533;60101010
EOG;EOG Resources;XLE;US26875P1012;0533;60101010
EQT;EQT Corporation;XLE;US26884L1098;0533;60101010
FANG;Diamondback Energy Inc;XLE;US25278X1090;0533;60101010
HAL;Halliburton Co;XLE;US4062161017;0573;60101030
HES;Hess Corp;XLE;US42809H1077;0533;60101015
KMI;Kinder Morgan Inc;XLE;US49456B1017;0577;60101035
MPC;Marathon Petroleum Corp.;XLE;US56585A1025;0537;60101020
MRO;Marathon Oil Corp;XLE;US5658491064;0533;60101010
OKE;ONEOK Inc;XLE;US6826801036;0577;60101035
OXY;Occidental Petroleum;XLE;US6745991058;0533;60101010
PSX;Phillips 66;XLE;US7185461040;0537;60101020
SLB;Schlumberger Ltd;XLE;AN8068571086;0573;60101030
TRGP;Targa Resources Corp;XLE;US87612G1013;0577;60101035
VLO;Valero Energy Corp;XLE;US91913Y1001;0533;60101020
WMB;The Williams Companies Inc;XLE;US9694571004;0577;60101035
XOM;Exxon Mobil Corp;XLE;US30231G1022;0537;60101000
ACGL;Arch Capital Group Ltd;XLF;BMG0450A1053;8536;30302025
AFL;AFLAC Inc;XLF;US0010551028;8575;30301010
AIG;American Intl Group Inc;XLF;US0268747849;8532;30302010
AIZ;Assurant Inc;XLF;US04621X1081;8536;30302025
AJG;Arthur J. Gallagher & Co;XLF;US3635761097;8536;30302025
ALL;Allstate Corp;XLF;US0200021014;8536;30302025
AMP;Ameriprise Financial Inc;XLF;US03076C1062;8775;30202000
AON;Aon plc;XLF;IE00BLP1HW54;8534;30302015
AXP;American Express Co;XLF;US0258161092;8773;50205015
BAC;Bank of America Corp;XLF;US0605051046;8355;30101010
BEN;Franklin Resources Inc;XLF;US3546131018;8771;30202010
BK;The Bank of New York Mellon Corp;XLF;US0640581007;8777;30202015
BLK;BlackRock Inc;XLF;US09247X1019;8771;30202010
BRK-B;Berkshire Hathaway B;XLF;#N/D;8777;#N/D
BRO;Brown & Brown Inc;XLF;US1152361010;8536;30302025
BX;Blackstone Inc.;XLF;#N/D;8777;#N/D
C;Citigroup Inc;XLF;US1729674242;8355;30101010
CB;Chubb Limited;XLF;CH0044328745;8536;30302025
CBOE;Cboe Global Markets, Inc;XLF;#N/D;8777;#N/D
CFG;Citizens Financial Group Inc;XLF;US1746101054;8355;30101010
CINF;Cincinnati Financial Corp;XLF;US1720621010;8536;30302025
CME;CME Group Inc A;XLF;US12572Q1058;8777;30202015
COF;Capital One Financial;XLF;US14040H1059;8773;50205015
CPAY;Corpay, Inc.;XLF;#N/D;8777;#N/D
DFS;Discover Financial Services;XLF;US2547091080;8355;30101010
EG;Everest Group Ltd;XLF;#N/D;8777;#N/D
ERIE;Erie Indemnity Co A;XLF;US29530P1021;8536;30302025
FDS;FactSet Research System Inc;XLF;US3030751057;5557;30201030
FI;Fiserv Inc;XLF;NL0010556684;0573;60101030
FIS;Fidelity National Information;XLF;US31620M1062;2795;50205015
FITB;Fifth Third Bancorp (OH);XLF;US3167731005;8355;30101010
GL;Globe Life Inc.;XLF;US37959E1029;8575;30301010
GPN;Global Payments Inc;XLF;US37940X1028;2795;50205015
GS;Goldman Sachs Group Inc;XLF;US38141G1040;8777;30202015
HBAN;Huntington Bancshares (OH);XLF;US4461501045;8355;30101010
HIG;Hartford Finl Services Group;XLF;US4165151048;8532;30302010
ICE;Intercontinental Exchange Inc;XLF;US45866F1049;8777;30202015
IVZ;Invesco Ltd;XLF;BMG491BT1088;8771;30202010
JKHY;Jack Henry & Associates Inc.;XLF;US4262811015;2795;50205015
JPM;JP Morgan Chase & Co;XLF;US46625H1005;8775;30202000
KEY;KeyCorp;XLF;US4932671088;8355;30101010
KKR;KKR & Co Inc;XLF;#N/D;8777;#N/D
L;Loews Corp;XLF;US5404241086;8536;30302025
MA;Mastercard Inc A;XLF;US57636Q1040;8773;50205015
MCO;Moody's Corp;XLF;US6153691059;8775;30202015
MET;Metlife Inc;XLF;US59156R1086;8575;30301010
MKTX;MarketAxess Holdings;XLF;US57060D1081;8777;30202015
MMC;Marsh & McLennan Companies;XLF;US5717481023;8534;30302015
MS;Morgan Stanley;XLF;US6174464486;8777;30202015
MSCI;MSCI Inc;XLF;US55354G1004;8775;30201030
MTB;M&T Bank Corp;XLF;US55261F1049;8355;30101010
NDAQ;Nasdaq Inc;XLF;US6311031081;8777;30202015
NTRS;Northern Trust Corp (IL);XLF;US6658591044;8771;30202010
PFG;Principal Financial Group;XLF;US74251V1026;8575;30301010
PGR;Progressive Corp;XLF;US7433151039;8536;30302025
PNC;PNC Finl Services Group;XLF;US6934751057;8355;30101010
PRU;Prudential Financial Inc;XLF;US7443201022;8575;30301010
PYPL;PayPal Holdings Inc.;XLF;US70450Y1038;2795;50205015
RF;Regions Financial Corp;XLF;US7591EP1005;8355;30101010
RJF;Raymond James Financial Inc;XLF;US7547301090;8777;30202015
SCHW;Charles Schwab Corp;XLF;US8085131055;8777;30202015
SPGI;S&P Global Inc;XLF;US78409V1044;8775;30201030
STT;State Street Corp;XLF;US8574771031;8771;30202010
SYF;Synchrony Financial;XLF;US87165B1035;8773;50205015
TFC;Truist Financial Corp;XLF;US89832Q1094;8355;30101010
TROW;T Rowe Price Group Inc;XLF;US74144T1088;8771;30202010
TRV;Travelers Cos Inc;XLF;US89417E1091;8536;30302025
USB;US Bancorp;XLF;US9029733048;8355;30101010
V;Visa Inc A;XLF;US92826C8394;8773;50205015
WFC;Wells Fargo & Co;XLF;US9497461015;8355;30101010
WRB;WR Berkley Corp;XLF;US0844231029;8536;30302025
WTW;Willis Towers Watson PLC;XLF;#N/D;8777;#N/D
ADP;Automatic Data Processing;XLI;US0530151036;2795;50205020
ALLE;Allegion plc;XLI;IE00BFRT3W74;2733;50202020
AME;AMETEK Inc;XLI;US0311001004;2737;50202025
AMTM;Amentum Holdings Inc.;XLI;#N/D;9578;#N/D
AOS;A.O. Smith Corp;XLI;US8318652091;2353;50101025
AXON;Axon Enterprise Inc;XLI;#N/D;9578;#N/D
BA;Boeing Co;XLI;US0970231058;2713;50201010
BLDR;Builders FirstSource;XLI;US12008R1077;2353;50101035
BR;Broadridge Financial Solutions Inc.;XLI;US11133T1034;8777;30202015
CARR;Carrier Global Corp.;XLI;US14448C1045;2353;50101025
CAT;Caterpillar Inc;XLI;US1491231015;2753;50204020
CHRW;CH Robinson Worldwide Inc;XLI;US12541W2098;2779;50206010
CMI;Cummins Inc;XLI;US2310211063;2753;50204030
CPRT;Copart Inc;XLI;US2172041061;5377;40201070
CSX;CSX Corporation;XLI;US1264081035;2775;50206020
CTAS;Cintas Corp;XLI;US1729081059;2791;50205010
DAL;Delta Air Lines;XLI;US2473617023;5751;40501010
DAY;Dayforce, Inc.;XLI;#N/D;9578;#N/D
DE;Deere & Co;XLI;US2441991054;2753;50204010
DOV;Dover Corp;XLI;US2600031080;2757;50203000
EFX;Equifax Inc;XLI;US2944291051;2791;50205020
EMR;Emerson Electric Co;XLI;US2910111044;2737;50203000
ETN;Eaton Corp plc;XLI;IE00B8KQN827;2727;50203000
EXPD;Expeditors Intl of WA Inc;XLI;US3021301094;2777;50206060
FAST;Fastenal Co;XLI;US3119001044;1757;55102015
FDX;FedEx Corp;XLI;US31428X1063;2771;50206040
FTV;Fortive Corp;XLI;US34959J1088;2727;50203000
GD;General Dynamics;XLI;US3695501086;2717;50201020
GE;GE Aerospace;XLI;US3696041033;2727;50203000
GEV;GE Vernova Inc,;XLI;#N/D;9578;#N/D
GNRC;Generac Holdings Inc;XLI;US3687361044;2757;50204030
GWW;W.W. Grainger Inc;XLI;US3848021040;2797;50205010
HII;Huntington Ingalls Industries Inc.;XLI;US4464131063;2717;50201020
HON;Honeywell Intl Inc;XLI;US4385161066;2727;50203000
HUBB;Hubbell Inc;XLI;US4435106079;2733;50202010
HWM;Howmet Aerospace Inc.;XLI;US4432011082;2713;55102035
IEX;IDEX Corp;XLI;US45167R1041;2757;50202020
IR;Ingersoll Rand Inc.;XLI;US45687V1061;2757;50204000
ITW;Illinois Tool Works Inc;XLI;US4523081093;2757;50203000
J;Jacobs Solutions Inc.;XLI;#N/D;9578;#N/D
JBHT;J.B. Hunt Transport Services;XLI;US4456581077;2779;50206010
JCI;Johnson Controls International plc;XLI;IE00BY7QL619;2737;50202020
LDOS;Leidos Holdings Inc;XLI;US5253271028;9533;10101010
LHX;L3Harris Technologies Inc;XLI;US5024311095;9578;15101010
LMT;Lockheed Martin;XLI;US5398301094;2717;50201020
LUV;Southwest Airlines Co;XLI;US8447411088;5751;40501010
MAS;Masco Corp;XLI;US5745991068;2353;50101035
MMM;3M Co;XLI;US88579Y1010;2727;50203000
NDSN;Nordson Corp;XLI;US6556631025;2757;50204000
NOC;Northrop Grumman Corp;XLI;US6668071029;2717;50201020
NSC;Norfolk Southern Corp;XLI;US6558441084;2775;50206020
ODFL;Old Dominion Freight Line Inc;XLI;US6795801009;2779;50206010
OTIS;Otis Worldwide Corp;XLI;US68902V1070;2757;50204000
PAYC;Paycom Software Inc;XLI;US70432V1026;9537;10101015
PAYX;Paychex Inc;XLI;US7043261079;2795;50205020
PCAR;PACCAR Inc;XLI;US6937181088;2753;50206015
PH;Parker-Hannifin Corp;XLI;US7010941042;2727;50203000
PNR;Pentair PLC;XLI;IE00BLS09M33;2757;50202030
PWR;Quanta Services Inc;XLI;US74762E1029;2357;50101015
ROK;Rockwell Automation Inc;XLI;US7739031091;2757;50202020
ROL;Rollins Inc;XLI;US7757111049;5377;40201070
RSG;Republic Services Inc;XLI;US7607591002;2799;65103035
RTX;RTX Corporation;XLI;US75513E1010;2713;50201010
SNA;Snap On Inc;XLI;US8330341012;2757;50204040
SWK;Stanley Black & Decker;XLI;US8545021011;2757;50204040
TDG;TransDigm Group;XLI;US8936411003;2713;50201010
TT;Trane Technologies plc;XLI;IE00BK9ZQ967;2353;50101025
TXT;Textron Inc;XLI;US8832031012;2713;50201010
UAL;United Airlines Holding, Inc;XLI;US9100471096;5751;40501010
UBER;Uber Technologies Inc.;XLI;US90353T1007;5377;40201070
UNP;Union Pacific Corp;XLI;US9078181081;2775;50206020
UPS;United Parcel Service Inc B;XLI;US9113121068;2771;50206040
URI;United Rentals Inc;XLI;US9113631090;2791;50206050
VLTO;Veralto Corp;XLI;#N/D;9578;#N/D
VRSK;Verisk Analytics Inc;XLI;US92345Y1064;2791;50205020
WAB;Wabtec;XLI;US9297401088;2753;50206025
WM;Waste Management Inc;XLI;US94106L1098;2799;65103035
XYL;Xylem Inc;XLI;US98419M1009;2757;50202030
AAPL;Apple Inc.;XLK;US0378331005;9572;10102030
ACN;Accenture plc A;XLK;IE00B4BNMY34;2791;50205020
ADBE;Adobe Inc.;XLK;US00724F1012;9537;10101015
ADI;Analog Devices Inc;XLK;US0326541051;9576;10102010
ADSK;Autodesk Inc;XLK;US0527691069;9537;10101015
AKAM;Akamai Technologies Inc;XLK;US00971T1016;9535;10101020
AMAT;Applied Materials Inc;XLK;US0382221051;9576;10102020
AMD;Advanced Micro Devices;XLK;US0079031078;9576;10102010
ANET;Arista Networks Inc;XLK;US0404131064;9535;10101020
ANSS;ANSYS Inc;XLK;US03662Q1058;9537;10101015
APH;Amphenol Corp A;XLK;US0320951017;2733;10102015
AVGO;Broadcom Inc;XLK;US11135F1012;9576;10102010
CDNS;Cadence Design Systems Inc;XLK;US1273871087;9537;10101015
CDW;CDW Corp;XLK;US12514G1085;9572;10102030
CRM;Salesforce, Inc.;XLK;US79466L3024;9537;10101015
CRWD;CrowdStrike Holdings, Inc.;XLK;US22788C1053;9537;10101015
CSCO;Cisco Systems Inc;XLK;US17275R1023;9578;15101010
CTSH;Cognizant Tech Solutions Corp;XLK;US1924461023;9533;10101010
DELL;Dell Technologies Inc-C;XLK;US24703L2025;9537;10101015
ENPH;Enphase Energy Inc;XLK;US29355A1079;0583;60102020
EPAM;EPAM Systems Inc;XLK;US29414B1044;9533;10101010
FFIV;F5, Inc.;XLK;US3156161024;9533;15101010
FICO;Fair Isaac & Co Inc;XLK;US3032501047;2795;50205020
FSLR;First Solar Inc;XLK;US3364331070;0583;60102020
FTNT;Fortinet Inc;XLK;US34959E1091;9537;10101015
GDDY;GoDaddy Inc A;XLK;US3802371076;9535;10101020
GEN;Gen Digital Inc.;XLK;#N/D;9578;#N/D
GLW;Corning Inc;XLK;US2193501051;2733;10102015
HPE;Hewlett Packard Enterprise Co;XLK;US42824C1099;9533;10101010
HPQ;HP Inc;XLK;US40434L1052;9572;10102030
IBM;Intl Business Machines Corp;XLK;US4592001014;9533;10101010
INTC;Intel Corp;XLK;US4581401001;9576;10102010
INTU;Intuit Inc;XLK;US4612021034;9537;10101015
IT;Gartner Inc;XLK;US3666511072;9533;10101010
JBL;Jabil Inc;XLK;US4663131039;2733;10102015
JNPR;Juniper Networks Inc;XLK;US48203R1041;9578;15101010
KEYS;Keysight Technologies Inc;XLK;US49338L1035;2737;50202025
KLAC;KLA Corporation;XLK;US4824801009;9576;10102020
LRCX;Lam Research Corp;XLK;US5128071082;9576;10102020
MCHP;Microchip Technology Inc;XLK;US5950171042;9576;10102010
MPWR;Monolithic Power Systems;XLK;US6098391054;9576;10102010
MSFT;Microsoft Corp;XLK;US5949181045;9537;10101015
MSI;Motorola Solutions Inc;XLK;US6200763075;9578;15101010
MU;Micron Technology Inc;XLK;US5951121038;9576;10102010
NOW;ServiceNow Inc.;XLK;US81762P1021;9533;10101010
NTAP;NetApp Inc;XLK;US64110D1046;9572;10102030
NVDA;Nvidia Corp;XLK;US67066G1040;9576;10102010
NXPI;NXP Semiconductor NV;XLK;#N/D;9578;#N/D
ON;On Semiconductor Corp;XLK;US6821891057;9576;10102010
ORCL;Oracle Corp;XLK;US68389X1054;9537;10101015
PANW;Palo Alto Networks Inc.;XLK;US6974351057;9537;10101015
PLTR;Palantir Technologies Inc. Class A;XLK;#N/D;9578;#N/D
PTC;PTC Inc;XLK;US69370C1009;9537;10101015
QCOM;QUALCOMM Inc;XLK;US7475251036;9576;10102010
QRVO;Qorvo, Inc;XLK;US74736K1016;9576;10102010
ROP;Roper Technologies, Inc;XLK;US7766961061;9537;10101015
SMCI;Super Micro Computer Inc;XLK;US86800U1043;9572;10102030
SNPS;Synopsys Inc;XLK;US8716071076;9537;10101015
STX;Seagate Technology;XLK;IE00B58JVZ52;9572;10102030
SWKS;Skyworks Solutions Inc;XLK;US83088M1027;9576;10102010
TDY;Teledyne Technologies Inc;XLK;US8793601050;2713;50201010
TEL;TE Connectivity plc;XLK;CH0102993182;2733;10102015
TER;Teradyne Inc;XLK;US8807701029;9576;10102020
TRMB;Trimble Inc;XLK;US8962391004;2737;50202025
TXN;Texas Instruments Inc;XLK;US8825081040;9576;10102010
TYL;Tyler Technologies Inc;XLK;US9022521051;9533;10101010
VRSN;VeriSign Inc;XLK;US92343E1029;9533;10101010
WDC;Western Digital Corp;XLK;US9581021055;9572;10102030
ZBRA;Zebra Technologies Corp;XLK;US9892071054;2737;50202020
ADM;Archer-Daniels-Midland Co;XLP;US0394831020;3577;45102030
BF-B;Brown-Forman Corp B;XLP;#N/D;5379;#N/D
BG;Bunge Global SA;XLP;BMG169621056;3577;45102030
CAG;Conagra Brands, Inc;XLP;US2058871029;3577;45102020
CHD;Church & Dwight Co;XLP;US1713401024;3724;45201030
CL;Colgate-Palmolive Co;XLP;US1941621039;3767;45201020
CLX;Clorox Co;XLP;US1890541097;3724;45201030
COST;Costco Wholesale Corp;XLP;US22160K1051;5373;40401010
CPB;Campbell Soup Co;XLP;US1344291091;3577;45102020
DG;Dollar General Corp;XLP;US2566771059;5379;40401010
DLTR;Dollar Tree Inc;XLP;US2567461080;5379;40401010
EL;Estee Lauder Cos. A;XLP;US5184391044;3767;40204035
GIS;General Mills Inc;XLP;US3703341046;3577;45102020
HRL;Hormel Foods Corp;XLP;US4404521001;3577;45102020
HSY;Hershey Foods Corp;XLP;US4278661081;3577;45102020
K;Kellanova;XLP;US4878361082;3577;45102020
KDP;Keurig Dr Pepper Inc;XLP;US49271V1008;3537;45101020
KHC;The Kraft Heinz Company;XLP;US5007541064;3577;45102020
KMB;Kimberly-Clark;XLP;US4943681035;3767;45201020
KO;Coca-Cola Co;XLP;US1912161007;3537;45101020
KR;Kroger Co;XLP;US5010441013;5337;45201010
KVUE;Kenvue Inc.;XLP;#N/D;5379;#N/D
LW;Lamb Weston Holdings Inc;XLP;US5132721045;3577;45102020
MDLZ;Mondelez International Inc;XLP;US6092071058;3577;45102020
MKC;McCormick & Co;XLP;US5797802064;3577;45102020
MNST;Monster Beverage Corporation;XLP;US61174X1090;3537;45101020
MO;Altria Group Inc;XLP;US02209S1033;3785;45103010
PEP;PepsiCo Inc;XLP;US7134481081;3537;45101020
PG;Procter & Gamble;XLP;US7427181091;3724;45201020
PM;Philip Morris International;XLP;US7181721090;3785;45103010
SJM;J.M. Smucker Co;XLP;US8326964058;3577;45102020
STZ;Constellation Brands Inc A;XLP;US21036P1084;3535;45101015
SYY;Sysco Corp;XLP;US8718291078;5337;45201010
TAP;Molson Coors Beverage Co B;XLP;US60871R2094;3533;45101010
TGT;Target Corp;XLP;US87612E1064;5373;40401010
TSN;Tyson Foods Inc A;XLP;US9024941034;3577;45102020
WBA;Walgreens Boots Alliance Inc;XLP;US9314271084;5333;45201015
WMT;Walmart Inc.;XLP;US9311421039;5373;40401010
AMT;American Tower Corp A;XLRE;US03027X1000;8675;35102025
ARE;Alexandria Real Estate Eqty;XLRE;US0152711091;8671;35102030
AVB;AvalonBay Communities Inc;XLRE;US0534841012;8673;35102040
BXP;BXP, Inc.;XLRE;US1011211018;8671;35102030
CBRE;CBRE Group Inc.;XLRE;US12504L1098;8637;35101015
CCI;Crown Castle Inc.;XLRE;US22822V1017;8675;35102025
CPT;Camden Property Trust;XLRE;US1331311027;8673;35102040
CSGP;Costar Group Inc;XLRE;US22160N1090;8637;35101015
DLR;Digital Realty Trust;XLRE;US2538681030;8675;35102070
DOC;Healthpeak Properties Inc.;XLRE;US71943U1043;8675;35102010
EQIX;Equinix Inc;XLRE;US29444U7000;8675;35102070
EQR;Equity Residential;XLRE;US29476L1070;8673;35102040
ESS;Essex Property Trust;XLRE;US2971781057;8673;35102040
EXR;Extra Space Storage Inc;XLRE;US30225T1025;8675;35102070
FRT;Federal Realty Invt Trust;XLRE;US3137472060;8672;35102045
HST;Host Hotels & Resorts Inc;XLRE;US44107P1049;8677;35102015
INVH;Invitation Homes;XLRE;US46187W1071;8673;35102040
IRM;Iron Mountain Inc;XLRE;US46284V1017;8675;35102070
KIM;Kimco Realty Corp;XLRE;US49446R1095;8672;35102045
MAA;Mid-America Apt Communties;XLRE;US59522J1034;8673;35102040
O;Realty Income Corp;XLRE;US7561091049;8672;35102045
PLD;ProLogis Inc;XLRE;US74340W1036;8671;35102020
PSA;Public Storage;XLRE;US74460D1090;8675;35102050
REG;Regency Centers Corp;XLRE;US7588491032;8672;35102045
SBAC;SBA Communications Corp;XLRE;US78410G1040;8675;35102070
SPG;Simon Property Group A;XLRE;US8288061091;8672;35102045
UDR;UDR Inc;XLRE;US9026531049;8673;35102040
VICI;VICI Properties Inc.;XLRE;US9256521090;8677;35102015
VTR;Ventas Inc;XLRE;US92276F1003;8675;35102010
WELL;Welltower Inc;XLRE;US95040Q1040;8675;35102010
WY;Weyerhaeuser Co;XLRE;US9621661043;8675;35102060
AEE;Ameren Corp;XLU;US0236081024;7575;65102000
AEP;American Electric Power;XLU;US0255371017;7535;65101015
AES;AES Corp;XLU;US00130H1059;7535;65101015
ATO;Atmos Energy Corp;XLU;US0495601058;7573;65102020
AWK;American Water Works Co Inc;XLU;US0304201033;7577;65102030
CEG;Constellation Energy Corp;XLU;#N/D;7577;#N/D
CMS;CMS Energy Corp;XLU;US1258961002;7535;65101015
CNP;Centerpoint Energy Inc;XLU;US15189T1079;7575;65102020
D;Dominion Energy Inc;XLU;US25746U1097;7535;65101015
DTE;DTE Energy Co;XLU;US2333311072;7535;65101015
DUK;Duke Energy Corp;XLU;US26441C2044;7575;65102000
ED;Consolidated Edison Inc;XLU;US2091151041;7535;65101015
EIX;Edison Intl;XLU;US2810201077;7535;65101015
ES;Eversource Energy;XLU;US30040W1080;7535;65101015
ETR;Entergy Corp;XLU;US29364G1031;7535;65101015
EVRG;Evergy Inc.;XLU;US30034W1062;7535;65101015
EXC;Exelon Corp;XLU;US30161N1019;7535;65101015
FE;FirstEnergy Corp;XLU;US3379321074;7535;65101015
LNT;Alliant Energy Corp;XLU;US0188021085;7535;65101015
NEE;NextEra Energy Inc;XLU;US65339F1012;7535;65101015
NI;Nisource Inc;XLU;US65473P1057;7573;65102020
NRG;NRG Energy;XLU;US6293775085;7535;65101015
PCG;PG&E Corporation;XLU;US69331C1080;7535;65101015
PEG;Public Service Enterprise Grp;XLU;US7445731067;7535;65101015
PNW;Pinnacle West Capital (AZ);XLU;US7234841010;7535;65101015
PPL;PPL Corp;XLU;US69351T1060;7535;65101015
SO;Southern Co;XLU;US8425871071;7535;65101015
SRE;Sempra;XLU;US8168511090;7575;65102000
VST;Vistra Corp.;XLU;US92840M1027;7535;65101015
WEC;WEC Energy Group Inc;XLU;US92939U1060;7575;65102000
XEL;Xcel Energy Inc;XLU;US98389B1008;7535;65101015
A;Agilent Technologies Inc;XLV;US00846U1016;2737;20102010
ABBV;AbbVie Inc.;XLV;US00287Y1091;4577;20103015
ABT;Abbott Laboratories;XLV;US0028241000;4577;20103015
ALGN;Align Technology Inc;XLV;US0162551016;4537;20102015
AMGN;Amgen Inc;XLV;US0311621009;4573;20103010
BAX;Baxter Intl Inc;XLV;US0718131099;4535;20102010
BDX;Becton Dickinson & Co;XLV;US0758871091;4537;20102015
BIIB;Biogen Inc;XLV;US09062X1037;4573;20103010
BMY;Bristol-Myers Squibb;XLV;US1101221083;4577;20103015
BSX;Boston Scientific Corp;XLV;US1011371077;4535;20102010
CAH;Cardinal Health Inc;XLV;US14149Y1082;4577;20103015
CI;The Cigna Group;XLV;US1255231003;4533;20101020
CNC;Centene Corp;XLV;US15135B1017;4533;20101020
COO;Cooper Companies Inc;XLV;US2166484020;4537;20102015
COR;Cencora, Inc.;XLV;US21870Q1058;8675;35102070
CRL;Charles River Laboratories International Inc.;XLV;US1598641074;4573;20103010
CTLT;Catalent Inc;XLV;US1488061029;4577;20103015
CVS;CVS Health Corporation;XLV;US1266501006;5333;45201015
DGX;Quest Diagnostics;XLV;US74834L1008;4533;20102020
DHR;Danaher Corp;XLV;US2358511028;4535;20102010
DVA;DaVita Inc;XLV;US23918K1088;4533;20101010
DXCM;DexCom Inc;XLV;US2521311074;4537;20102010
ELV;Elevance Health, Inc.;XLV;#N/D;9537;#N/D
EW;Edwards Lifesciences Corp;XLV;US28176E1082;4537;20102015
GEHC;GE Healthcare Technologies Inc.;XLV;#N/D;9537;#N/D
GILD;Gilead Sciences Inc;XLV;US3755581036;4577;20103015
HCA;HCA Healthcare Inc;XLV;US40412C1018;4533;20101010
HOLX;Hologic Inc;XLV;US4364401012;4537;20102010
HSIC;Henry Schein Inc;XLV;US8064071025;4537;20102015
HUM;Humana Inc;XLV;US4448591028;4533;20101020
IDXX;IDEXX Laboratories Inc;XLV;US45168D1046;4537;20102010
INCY;Incyte Corp;XLV;US45337C1027;4573;20103010
IQV;IQVIA Holdings Inc;XLV;US46266C1053;9537;20101025
ISRG;Intuitive Surgical Inc;XLV;US46120E6023;4535;20102010
JNJ;Johnson & Johnson;XLV;US4781601046;4577;20103015
LH;Labcorp Holdings Inc.;XLV;US50540R4092;4533;20102020
LLY;Eli Lilly & Co;XLV;US5324571083;4577;20103015
MCK;McKesson Corp;XLV;US58155Q1031;5333;20103015
MDT;Medtronic plc;XLV;IE00BTN1Y115;4535;20102010
MOH;Molina Healthcare;XLV;US60855R1005;4533;20101020
MRK;Merck & Co Inc;XLV;US58933Y1055;4577;20103015
MRNA;Moderna, Inc.;XLV;US60770K1079;4573;20103010
MTD;Mettler-Toledo Intl;XLV;US5926881054;2737;50202025
PFE;Pfizer Inc;XLV;US7170811035;4577;20103015
PODD;INSULET CORP;XLV;US45784P1012;4535;20102015
REGN;Regeneron Pharmaceuticals Inc;XLV;US75886F1075;4573;20103010
RMD;ResMed Inc;XLV;US7611521078;4535;20102010
RVTY;Revvity, Inc.;XLV;#N/D;9537;#N/D
SOLV;Solventum Corp.;XLV;#N/D;9537;#N/D
STE;STERIS plc;XLV;IE00BFY8C754;4535;20102010
SYK;Stryker Corp;XLV;US8636671013;4535;20102010
TECH;Bio-Techne Corp;XLV;US09073M1045;4537;20102015
TFX;Teleflex Inc;XLV;US8793691069;4537;20102015
TMO;Thermo Fisher Scientific;XLV;US8835561023;4535;20102010
UHS;Universal Health Services B;XLV;US9139031002;4533;20101010
UNH;Unitedhealth Group Inc;XLV;US91324P1021;4533;20101020
VRTX;Vertex Pharmaceuticals Inc;XLV;US92532F1003;4577;20103015
VTRS;Viatris Inc;XLV;#N/D;9537;#N/D
WAT;Waters Corp;XLV;US9418481035;2737;20102010
WST;West Pharmaceutical Services Inc;XLV;US9553061055;4537;20102015
ZBH;Zimmer Biomet Holdings Inc;XLV;US98956P1021;4535;20102010
ZTS;Zoetis Inc;XLV;US98978V1035;4577;20103015
ABNB;Airbnb, Inc. Class A;XLY;#N/D;5759;#N/D
AMZN;Amazon.com Inc;XLY;US0231351067;5373;40401010
APTV;Aptiv plc;XLY;JE00B783TY65;3355;40101025
AZO;AutoZone Inc;XLY;US0533321024;5379;40401030
BBY;Best Buy Co Inc;XLY;US0865161014;5379;40401030
BKNG;Booking Holdings Inc;XLY;US09857L1089;5759;40501015
BWA;Borgwarner Inc;XLY;US0997241064;3355;40101025
CCL;Carnival Corp;XLY;PA1436583006;5759;40501015
CMG;Chipotle Mexican Grill Inc.;XLY;US1696561059;5757;40501040
CZR;Caesars Entertainment, Inc.;XLY;US12769G1004;5752;40501020
DECK;Deckers Outdoor;XLY;US2435371073;3765;40204025
DHI;Horton D.R. Inc;XLY;US23331A1097;3728;40202010
DPZ;Domino's Pizza Inc;XLY;US25754A2015;5757;40501040
DRI;Darden Restaurants Inc;XLY;US2371941053;5757;40501040
EBAY;eBay Inc.;XLY;US2786421030;5377;40201070
EXPE;Expedia Group, Inc.;XLY;US30212P3038;5759;40501015
F;Ford Motor Co;XLY;US3453708600;3353;40101020
GM;General Motors Company;XLY;US37045V1008;3353;40101020
GPC;Genuine Parts Co;XLY;US3724601055;3355;40101025
GRMN;Garmin Ltd;XLY;CH0114405324;3743;40203010
HAS;Hasbro Inc;XLY;US4180561072;3747;40203045
HD;Home Depot Inc;XLY;US4370761029;5375;40401025
HLT;Hilton Worldwide Holdings  Inc;XLY;US43300A2033;5753;40501025
KMX;Carmax Inc;XLY;US1431301027;5379;40401030
LEN;Lennar Corp A;XLY;US5260571048;3728;40202010
LKQ;LKQ Corp;XLY;US5018892084;3355;40101025
LOW;Lowe's Cos Inc;XLY;US5486611073;5375;40401025
LULU;Lululemon Athletica inc;XLY;US5500211090;3763;40204020
LVS;Las Vegas Sands;XLY;US5178341070;5752;40501020
MAR;Marriott Intl A;XLY;US5719032022;5753;40501025
MCD;McDonald's Corp;XLY;US5801351017;5757;40501040
MGM;MGM Resorts International;XLY;US5529531015;5752;40501020
MHK;Mohawk Industries Inc;XLY;US6081901042;3726;40202015
NCLH;Norwegian Cruise Line Holdings Ltd;XLY;BMG667211046;5755;40501015
NKE;NIKE Inc B;XLY;US6541061031;3765;40204025
NVR;NVR Inc;XLY;US62944T1051;3728;40202010
ORLY;O'Reilly Automotive;XLY;US67103H1077;5379;40401030
PHM;Pulte Group Inc;XLY;US7458671010;3728;40202010
POOL;Pool Corp;XLY;US73278L1052;3745;40203050
RCL;Royal Caribbean Group;XLY;LR0008862868;5755;40501015
RL;Ralph Lauren Corp A;XLY;US7512121010;3763;40204020
ROST;Ross Stores Inc;XLY;US7782961038;5371;40401020
SBUX;Starbucks Corp;XLY;US8552441094;5757;40501040
TJX;TJX Cos Inc;XLY;US8725401090;5371;40401020
TPR;Tapestry, Inc;XLY;US8760301072;3763;40204020
TSCO;Tractor Supply Co;XLY;US8923561067;5379;40401030
TSLA;Tesla, Inc;XLY;US88160R1014;3353;40101020
ULTA;Ulta Beauty, Inc;XLY;US90384S3031;5379;40401030
WYNN;Wynn Resorts Ltd;XLY;US9831341071;5752;40501020
YUM;Yum! Brands Inc;XLY;US9884981013;5757;40501040
